"protocol.d","protocol.d.se"
0.0766144132739437,0.163707736138824
